gestures,mean_ms,median_ms,p95_ms,p99_ms,std_ms
51,391.27165195988675,391.39795303344727,424.4030714035034,426.19967460632324,19.64842047547169
